Datetime,Water Level (m)
2025-05-16 06:00:00,-0.19575323
2025-05-16 07:00:00,-0.13255082
2025-05-16 08:00:00,-0.02587512
2025-05-16 09:00:00,0.16017325
2025-05-16 10:00:00,0.32671502
2025-05-16 11:00:00,0.48973072
2025-05-16 12:00:00,0.56699276
2025-05-16 13:00:00,0.584045
2025-05-16 14:00:00,0.5422275
2025-05-16 15:00:00,0.44577223
2025-05-16 16:00:00,0.32348454
2025-05-16 17:00:00,0.18346135
2025-05-16 18:00:00,0.08009428
2025-05-16 19:00:00,0.06783272
2025-05-16 20:00:00,0.1178201
2025-05-16 21:00:00,0.18648656
2025-05-16 22:00:00,0.28327322
2025-05-16 23:00:00,0.33821407
2025-05-17 00:00:00,0.3373567
2025-05-17 01:00:00,0.2999007
2025-05-17 02:00:00,0.2106974
2025-05-17 03:00:00,0.11533902
2025-05-17 04:00:00,0.008928661
2025-05-17 05:00:00,-0.10405543
2025-05-17 06:00:00,-0.1787416
2025-05-17 07:00:00,-0.14840524
2025-05-17 08:00:00,-0.051587347
2025-05-17 09:00:00,0.09884527
2025-05-17 10:00:00,0.27350795
2025-05-17 11:00:00,0.4429067
2025-05-17 12:00:00,0.54975754
2025-05-17 13:00:00,0.5946654
2025-05-17 14:00:00,0.5825746
2025-05-17 15:00:00,0.51729465
2025-05-17 16:00:00,0.42115894
2025-05-17 17:00:00,0.3091653
2025-05-17 18:00:00,0.1881145
2025-05-17 19:00:00,0.12109355
2025-05-17 20:00:00,0.13054349
2025-05-17 21:00:00,0.18011656
2025-05-17 22:00:00,0.25915873
2025-05-17 23:00:00,0.34401122
2025-05-18 00:00:00,0.38326415
2025-05-18 01:00:00,0.37972802
2025-05-18 02:00:00,0.3372144
2025-05-18 03:00:00,0.25827608
2025-05-18 04:00:00,0.16262457
2025-05-18 05:00:00,0.065632135
2025-05-18 06:00:00,-0.035589006
2025-05-18 07:00:00,-0.058702238
2025-05-18 08:00:00,0.00084749574
2025-05-18 09:00:00,0.10333832
2025-05-18 10:00:00,0.24547358
2025-05-18 11:00:00,0.4180964
2025-05-18 12:00:00,0.5462456
2025-05-18 13:00:00,0.6342403
2025-05-18 14:00:00,0.6491992
2025-05-18 15:00:00,0.62597865
2025-05-18 16:00:00,0.5610167
2025-05-18 17:00:00,0.47186184
2025-05-18 18:00:00,0.36993814
2025-05-18 19:00:00,0.26899227
2025-05-18 20:00:00,0.20116654
2025-05-18 21:00:00,0.19318062
2025-05-18 22:00:00,0.2164634
2025-05-18 23:00:00,0.2549164
2025-05-19 00:00:00,0.2928969
2025-05-19 01:00:00,0.29737207
2025-05-19 02:00:00,0.27176738
2025-05-19 03:00:00,0.22296916
2025-05-19 04:00:00,0.15909152
2025-05-19 05:00:00,0.08491384
2025-05-19 06:00:00,0.008828018
2025-05-19 07:00:00,-0.050291155
2025-05-19 08:00:00,-0.043225136
2025-05-19 09:00:00,0.03413676
2025-05-19 10:00:00,0.15856318
2025-05-19 11:00:00,0.3089737
2025-05-19 12:00:00,0.47081134
2025-05-19 13:00:00,0.58470076
2025-05-19 14:00:00,0.6526699
2025-05-19 15:00:00,0.6555849
2025-05-19 16:00:00,0.61962813
2025-05-19 17:00:00,0.5447932
2025-05-19 18:00:00,0.4465542
2025-05-19 19:00:00,0.33457077
2025-05-19 20:00:00,0.21770358
2025-05-19 21:00:00,0.15116522
2025-05-19 22:00:00,0.14966951
2025-05-19 23:00:00,0.18580154
2025-05-20 00:00:00,0.24392803
2025-05-20 01:00:00,0.31045252
2025-05-20 02:00:00,0.35142836
2025-05-20 03:00:00,0.35410953
2025-05-20 04:00:00,0.3331373
2025-05-20 05:00:00,0.2855471
2025-05-20 06:00:00,0.20854785
2025-05-20 07:00:00,0.13230135
2025-05-20 08:00:00,0.065449834
2025-05-20 09:00:00,0.053461693
2025-05-20 10:00:00,0.12540062
2025-05-20 11:00:00,0.21889853
2025-05-20 12:00:00,0.37027988
2025-05-20 13:00:00,0.5044034
2025-05-20 14:00:00,0.61358356
2025-05-20 15:00:00,0.66684735
2025-05-20 16:00:00,0.6604831
2025-05-20 17:00:00,0.62033707
2025-05-20 18:00:00,0.54813194
2025-05-20 19:00:00,0.4516973
2025-05-20 20:00:00,0.34336072
2025-05-20 21:00:00,0.22878462
2025-05-20 22:00:00,0.15245551
2025-05-20 23:00:00,0.15198928
2025-05-21 00:00:00,0.19300069
2025-05-21 01:00:00,0.26793402
2025-05-21 02:00:00,0.36278793
2025-05-21 03:00:00,0.4346632
2025-05-21 04:00:00,0.48249456
2025-05-21 05:00:00,0.48739818
2025-05-21 06:00:00,0.4638782
2025-05-21 07:00:00,0.41002437
2025-05-21 08:00:00,0.33260566
2025-05-21 09:00:00,0.23811182
2025-05-21 10:00:00,0.17026097
2025-05-21 11:00:00,0.18800999
2025-05-21 12:00:00,0.2623084
2025-05-21 13:00:00,0.38604057
2025-05-21 14:00:00,0.5265754
2025-05-21 15:00:00,0.64443624
2025-05-21 16:00:00,0.70383126
2025-05-21 17:00:00,0.6968075
2025-05-21 18:00:00,0.6489881
2025-05-21 19:00:00,0.568993
2025-05-21 20:00:00,0.46456552
2025-05-21 21:00:00,0.34905988
2025-05-21 22:00:00,0.23130178
2025-05-21 23:00:00,0.14723273
2025-05-22 00:00:00,0.15502347
2025-05-22 01:00:00,0.21952802
2025-05-22 02:00:00,0.32968187
2025-05-22 03:00:00,0.47781807
2025-05-22 04:00:00,0.60130835
2025-05-22 05:00:00,0.6952866
2025-05-22 06:00:00,0.72580314
